기관명,URL
대통령비서실,https://www.president.go.kr/
대통령경호처,https://www.pss.go.kr/sites/ko/main
국가인권위원회,https://www.humanrights.go.kr
감사원,https://www.bai.go.kr
국가정보원,https://www.nis.go.kr
방송통신위원회,https://www.kcc.go.kr
시청자미디어재단,https://kcmf.or.kr
기획재정부,https://www.moef.go.kr
복권위원회사무처,https://www.bokgwon.go.kr
교육부,https://www.moe.go.kr
국사편찬위원회,https://www.history.go.kr
국립특수교육원,https://www.nise.go.kr/main.do?s=nise
교원소청심사위원회,https://www.ace.go.kr
중앙교육연수원,https://www.neti.go.kr
국립국제교육원,https://www.niied.go.kr
과학기술정보통신부,https://www.msit.go.kr
국립중앙과학관,https://www.science.go.kr
국립과천과학관,https://www.sciencecenter.go.kr
중앙전파관리소,https://www.crms.go.kr
우정사업본부,https://www.koreapost.go.kr
국립전파연구원,https://www.rra.go.kr
외교부,https://www.mofa.go.kr
국립외교원,https://www.knda.go.kr
통일부,https://www.unikorea.go.kr
국립통일교육원,https://www.uniedu.go.kr
남북관계관리단,https://dialogue.unikorea.go.kr
한반도통일미래센터,https://unifuture.unikorea.go.kr
법무부,https://www.moj.go.kr
법무연수원,https://www.ioj.go.kr
출입국.외국인정책본부,https://www.immigration.go.kr
국방부,https://www.mnd.go.kr
국방홍보원,https://www.dema.mil.kr
합동군사대학교,https://jfmu.mnd.go.kr
국방전산정보원,https://ndisc.mnd.go.kr
국방대학교,https://www.kndu.ac.kr
행정안전부,https://www.mois.go.kr
지방자치인재개발원,https://www.logodi.go.kr
국가기록원,https://www.archives.go.kr
정부청사관리본부,https://gbmo.go.kr
국가정보자원관리원,https://www.nirs.go.kr
국립과학수사연구원,https://www.nfs.go.kr
이북5도,https://www.ibuk5do.go.kr
대통령기록관,https://www.pa.go.kr
주민등록번호변경위원회,https://www.rrncc.go.kr
국가민방위재난안전교육원,https://www.ndti.go.kr
국립재난안전연구원,https://www.ndmi.go.kr
문화체육관광부,https://www.mcst.go.kr
대한민국예술원,https://www.naa.go.kr
국립중앙박물관,https://www.museum.go.kr
국립국어원,https://www.korean.go.kr
국립중앙도서관,https://www.nl.go.kr
국립중앙극장,https://www.ntok.go.kr
국립현대미술관,https://www.mmca.go.kr
국립국악원,https://www.gugak.go.kr
국립민속박물관,https://www.nfm.go.kr
한국정책방송원,https://www.ktv.go.kr
한국예술종합학교,https://www.karts.ac.kr
대한민국역사박물관,https://www.much.go.kr
대한장애인체육회,https://www.koreanpc.kr/index.do
예술의전당,https://www.sac.or.kr
한국영상자료원,https://www.koreafilm.or.kr
대한체육회,https://www.sports.or.kr
한국문화예술교육진흥원,https://www.arte.or.kr
한국문화예술위원회,https://arko.or.kr/
한국문학번역원,https://www.ltikorea.or.kr/
한국콘텐츠진흥원,https://www.kocca.kr
한국언론진흥재단,https://www.kpf.or.kr
한국공예디자인문화진흥원,https://www.kcdf.or.kr
한국문화정보원,https://www.kcisa.kr
국립박물관문화재단,https://www.nmf.or.kr
예술경영지원센터,https://www.gokams.or.kr/main/main.aspx
사행산업통합감독위원회,https://www.ngcc.go.kr
재단법인국악방송,https://www.igbf.kr
문화체육관광부(클립),https://www.clip.go.kr
한국관광공사,https://knto.or.kr
한국저작권위원회,https://www.copyright.or.kr
세종학당재단,https://www.ksif.or.kr/index.do?lang=kor
국립한글박물관,https://www.hangeul.go.kr
국립아시아문화전당,https://www.acc.go.kr
한국예술인복지재단,https://www.kawf.kr
(재)한국저작권보호원,https://www.kcopa.or.kr
태권도진흥재단,https://www.tpf.or.kr/tpf/main/index.do
영상물등급위원회,https://www.kmrb.or.kr
국립장애인도서관,https://nld.go.kr
국제방송교류재단,https://company.arirang.com
농림축산식품부,https://www.mafra.go.kr
국립농산물품질관리원,https://www.naqs.go.kr
농식품공무원교육원,https://www.ati.go.kr/index.do
국립종자원,https://www.seed.go.kr
농림축산검역본부,https://www.qia.go.kr
산업통상자원부,https://www.motie.go.kr
국가기술표준원,https://www.kats.go.kr
경제자유구역기획단,https://fez.go.kr
전기위원회,https://www.korec.go.kr
광업등록사무소,https://branch.motie.go.kr
무역위원회,https://www.ktc.go.kr
보건복지부,https://www.mohw.go.kr
국립나주병원,https://www.najumh.go.kr
국립부곡병원,https://www.bgnmh.go.kr
국립춘천병원,https://www.cnmh.go.kr
국립공주병원,https://www.knmh.go.kr
국립재활원,https://www.nrc.go.kr
국립소록도병원,https://www.sorokdo.go.kr
오송생명과학단지지원센터,https://osong.mohw.go.kr
국립망향의동산관리원,https://www.nmhc.go.kr
국립정신건강센터,https://www.ncmh.go.kr
건강보험분쟁조정위원회사무국,https://hi.simpan.go.kr
국립장기조직혈액관리원,https://www.konos.go.kr
첨단재생의료및첨단바이오의약품심의위원회사무국,https://k-arm.go.kr
환경부,https://www.me.go.kr
한강유역환경청,https://www.me.go.kr/hg
낙동강유역환경청,https://www.me.go.kr/ndg
금강유역환경청,https://www.me.go.kr/gg
영산강유역환경청,https://www.me.go.kr/ysg
원주지방환경청,https://www.me.go.kr/wonju
대구지방환경청,https://www.me.go.kr/daegu
수도권대기환경청,https://www.me.go.kr/mamo
국립환경과학원,https://www.nier.go.kr
국립생물자원관,https://www.nibr.go.kr
온실가스종합정보센터,https://www.gir.go.kr
중앙환경분쟁조정위원회,https://ecc.me.go.kr
화학물질안전원,https://nics.me.go.kr
국립환경인재개발원,https://ehrd.me.go.kr
전북지방환경청,https://www.me.go.kr/smg
한강홍수통제소,https://www.hrfco.go.kr
낙동강홍수통제소,https://www.nakdongriver.go.kr
금강홍수통제소,https://www.geumriver.go.kr
영산강홍수통제소,https://www.yeongsanriver.go.kr
국가미세먼지정보센터,https://air.go.kr
국립야생동물질병관리원,https://niwdc.me.go.kr
고용노동부,https://www.moel.go.kr
중앙노동위원회,https://www.nlrc.go.kr
최저임금위원회,https://www.minimumwage.go.kr
산업재해보상보험재심사위원회,https://www.iaciac.go.kr
고용노동부고객상담센터,https://1350.moel.go.kr/home/
여성가족부,https://www.mogef.go.kr
국토교통부,https://www.molit.go.kr
국토교통인재개발원,https://tilit.molit.go.kr
철도특별사법경찰대,https://police.molit.go.kr
항공철도사고조사위원회,https://araib.molit.go.kr
중앙토지수용위원회,https://oclt.molit.go.kr
국토지리정보원,https://www.ngii.go.kr
대도시권광역교통위원회,https://www.mtc.go.kr
해양수산부,https://www.mof.go.kr
부산해사고등학교,https://school.busanedu.net/maritime-h
인천해사고등학교,https://inm.icehs.kr
해양수산인재개발원,https://www.ofhi.go.kr
국립수산물품질관리원,https://www.nfqs.go.kr
국립해양조사원,https://www.khoa.go.kr
부산지방해양수산청,https://portbusan.go.kr
인천지방해양수산청,https://incheon.mof.go.kr
여수지방해양수산청,https://yeosu.mof.go.kr
마산지방해양수산청,https://masan.mof.go.kr
동해지방해양수산청,https://donghae.mof.go.kr
군산지방해양수산청,https://gunsan.mof.go.kr
목포지방해양수산청,https://mokpo.mof.go.kr
포항지방해양수산청,https://pohang.mof.go.kr
평택지방해양수산청,https://pyeongtaek.mof.go.kr
울산지방해양수산청,https://ulsan.mof.go.kr
대산지방해양수산청,https://daesan.mof.go.kr
중앙해양안전심판원,https://www.kmst.go.kr
국립수산과학원,https://www.nifs.go.kr
동해어업관리단,https://eastship.mof.go.kr
서해어업관리단,https://westship.mof.go.kr
국립해양측위정보원,https://www.nmpnt.go.kr/home/main.do
남해어업관리단,https://southship.mof.go.kr
구미전자공업고등학교,https://school.gyo6.net/gnet/main.do
중소벤처기업부,https://www.mss.go.kr
부산기계공업고등학교,https://school.busanedu.net/bmt-h
국립서울현충원,https://www.mpva.go.kr/snmb/index.do
국가보훈부,https://www.mpva.go.kr
보훈심사위원회,https://simsa.mpva.go.kr
국립대전현충원,https://www.dnc.go.kr
국립대한민국임시정부기념관,https://www.nmkpg.go.kr
인사혁신처,https://www.mpm.go.kr
국가공무원인재개발원,https://www.nhi.go.kr
법제처,https://www.moleg.go.kr
식품의약품안전평가원,https://www.nifds.go.kr
식품의약품안전처,https://www.mfds.go.kr
공정거래위원회,https://www.ftc.go.kr
금융위원회,https://www.fsc.go.kr
금융정보분석원,https://www.kofiu.go.kr
청렴연수원,https://edu.acrc.go.kr
국민권익위원회,https://www.acrc.go.kr
정부합동민원센터,https://counseling.go.kr
원자력안전위원회,https://www.nssc.go.kr
국세청,https://www.nts.go.kr
서울지방국세청,https://s.nts.go.kr
대전지방국세청,https://d.nts.go.kr
광주지방국세청,https://g.nts.go.kr
대구지방국세청,https://t.nts.go.kr
부산지방국세청,https://b.nts.go.kr
국세공무원교육원,https://i.nts.go.kr/taxstudy/main.do
국세청주류면허지원센터,https://i.nts.go.kr/llsc/main.do
인천지방국세청,https://in.nts.go.kr
중부지방국세청,https://j.nts.go.kr
관세청,https://www.customs.go.kr
관세인재개발원,https://hrd.customs.go.kr
조달청,https://www.pps.go.kr
통계청,https://www.kostat.go.kr
통계인재개발원,https://shi.kostat.go.kr
대검찰청,https://www.spo.go.kr
병무청,https://www.mma.go.kr
방위사업청,https://www.dapa.go.kr
방위사업청(연구개발),https://www.add.re.kr/dratri
경찰청,https://www.police.go.kr
경찰대학,https://www.police.ac.kr
중앙경찰학교,https://www.cpa.go.kr
경찰병원,https://www.nph.go.kr
경찰수사연수원,https://www.kpia.go.kr
경찰인재개발원,https://www.phrdi.go.kr
중앙소방학교,https://www.nfsa.go.kr
중앙119구조본부,https://www.rescue.go.kr
소방청,https://www.nfa.go.kr
국립소방연구원,https://nfire.go.kr
국가유산청,https://www.khs.go.kr
현충사관리소,https://hcs.khs.go.kr
칠백의총관리소,https://700.khs.go.kr
국립고궁박물관,https://www.gogung.go.kr
국립해양유산연구소,https://www.seamuse.go.kr
국립무형유산원,https://www.nihc.go.kr
궁능유적본부,https://royal.khs.go.kr
국립문화유산연구원,https://www.nrich.go.kr
농촌진흥청,https://www.rda.go.kr
국립식량과학원,https://www.nics.go.kr
국립원예특작과학원,https://www.nihhs.go.kr
국립축산과학원,https://www.nias.go.kr
농촌인적자원개발센터,https://hrd.rda.go.kr
국립농업과학원,https://www.naas.go.kr
산림청,https://www.forest.go.kr
국립수목원,https://kna.forest.go.kr
국립산림과학원,https://nifos.forest.go.kr
북부지방산림청,https://north.forest.go.kr
동부지방산림청,https://east.forest.go.kr
남부지방산림청,https://south.forest.go.kr
중부지방산림청,https://center.forest.go.kr
서부지방산림청,https://west.forest.go.kr
국립산림품종관리센터,https://nfsv.forest.go.kr
산림항공본부,https://fao.forest.go.kr
산림교육원,https://fotilms.forest.go.kr
국립자연휴양림관리소,https://huyang.forest.go.kr
특허청,https://www.kipo.go.kr
국제지식재산연수원,https://iipti.kipo.go.kr/
기상청,https://www.kma.go.kr/kma/
국가기상위성센터,https://nmsc.kma.go.kr
국립기상과학원,https://www.nims.go.kr
기상레이더센터,https://radar.kma.go.kr
행정중심복합도시건설청,https://www.naacc.go.kr
새만금개발청,https://www.saemangeum.go.kr
해양경찰청,https://www.kcg.go.kr
해양경찰교육원,https://edu.kcga.go.kr
개인정보보호위원회,https://www.pipc.go.kr/
질병관리청,https://www.kdca.go.kr
국립마산병원,https://www.mnth.go.kr
국립목포병원,https://www.tbmokpo.go.kr
재외동포청,https://www.oka.go.kr
우주항공청,https://www.kasa.go.kr
우주환경센터,https://spaceweather.kasa.go.kr
고위공직자범죄수사처,https://cio.go.kr
종로구청,https://www.jongno.go.kr
중구청(서울),https://www.junggu.seoul.kr
용산구청,https://www.yongsan.go.kr
광진구청,https://www.gwangjin.go.kr/portal/main/main.do
동대문구청,https://www.ddm.go.kr
중랑구청,https://www.jungnang.go.kr
성북구청,https://www.sb.go.kr
도봉구청,https://www.dobong.go.kr
노원구청,https://www.nowon.kr/www/index.do
서대문구청,https://www.sdm.go.kr
마포구청,https://www.mapo.go.kr
양천구청,https://www.yangcheon.go.kr/site/yangcheon/main.do
강서구청(서울),https://www.gangseo.seoul.kr
구로구청,https://www.guro.go.kr
금천구청,https://www.geumcheon.go.kr
영등포구청,https://www.ydp.go.kr
동작구청,https://www.dongjak.go.kr
관악구청,https://www.gwanak.go.kr
강남구청,https://www.gangnam.go.kr
송파구청,https://www.songpa.go.kr
강동구청,https://www.gangdong.go.kr
서울특별시,https://www.seoul.go.kr
강북구청,https://www.gangbuk.go.kr
성동구청,https://www.sd.go.kr
서초구청,https://www.seocho.go.kr
은평구청,https://www.ep.go.kr
중구청(부산),https://www.bsjunggu.go.kr
서구청(부산),https://www.bsseogu.go.kr
동구청(부산),https://www.bsdonggu.go.kr
영도구청,https://www.yeongdo.go.kr
부산진구청,https://www.busanjin.go.kr
동래구청,https://www.dongnae.go.kr
남구청(부산),https://www.bsnamgu.go.kr
북구청(부산),https://www.bsbukgu.go.kr
해운대구청,https://www.haeundae.go.kr
사하구청,https://www.saha.go.kr
금정구청,https://www.geumjeong.go.kr
강서구청(부산),https://www.bsgangseo.go.kr
연제구청,https://www.yeonje.go.kr
수영구청,https://www.suyeong.go.kr
사상구청,https://www.sasang.go.kr
기장군청,https://www.gijang.go.kr
부산광역시,https://www.busan.go.kr
중구청(인천),https://www.icjg.go.kr
동구청(인천),https://www.icdonggu.go.kr
연수구청,https://www.yeonsu.go.kr
남동구청,https://www.namdong.go.kr
부평구청,https://www.icbp.go.kr
계양구청,https://www.gyeyang.go.kr
서구청(인천),https://www.seo.incheon.kr
강화군청,https://www.ganghwa.go.kr
옹진군청,https://www.ongjin.go.kr
인천광역시,https://www.incheon.go.kr
미추홀구청,https://www.michuhol.go.kr
중구청(대구),https://www.jung.daegu.kr
동구청(대구),https://www.dong.daegu.kr
서구청(대구),https://www.dgs.go.kr
남구청(대구),https://www.nam.daegu.kr
북구청(대구),https://www.buk.daegu.kr
수성구청,https://www.suseong.kr
달서구청,https://www.dalseo.daegu.kr
군위군청,https://www.gunwi.go.kr
대구광역시,https://www.daegu.go.kr
달성군청,https://dalseong.daegu.kr
대구디지탈혁신진흥원,https://www.dip.or.kr
대구문화예술진흥원,https://dgfca.or.kr/main
동구청(대전),https://www.donggu.go.kr
중구청(대전),https://www.djjunggu.go.kr
서구청(대전),https://www.seogu.go.kr
유성구청,https://www.yuseong.go.kr
대덕구청,https://www.daedeok.go.kr
대전광역시,https://www.daejeon.go.kr
대전시립합창단,https://djpc.artdj.kr/djpc/
대전시립무용단,https://dmdt.artdj.kr/dmdt/
대전시립교향악단,https://dpo.artdj.kr/dpo/
대전시립청소년합창단,https://dcyc.artdj.kr/dcyc/
동구청(광주),https://www.donggu.kr
서구청(광주),https://www.seogu.gwangju.kr
남구청(광주),https://www.namgu.gwangju.kr
북구청(광주),https://bukgu.gwangju.kr
광산구청,https://www.gwangsan.go.kr
광주광역시,https://www.gwangju.go.kr
중구청(울산),https://www.junggu.ulsan.kr/index.ulsan
남구청(울산),https://www.ulsannamgu.go.kr/easyMain/mainPage.do
동구청(울산),https://www.donggu.ulsan.kr
북구청(울산),https://www.bukgu.ulsan.kr/index.do
울주군청,https://www.ulju.ulsan.kr/ulju/main.do
울산광역시 상수도사업본부,https://www.ulsan.go.kr/u/rep/main.ulsan
울산수목원,https://www.ulsan.go.kr/s/usabt/main.ulsan
세종특별자치시,https://www.sejong.go.kr
세종시설공단,https://www.sjfmc.or.kr
세종시문화관광재단,https://www.sjcf.or.kr
세종평생교육•정책연구원,https://www.sjhle.or.kr
세종도시교통공사,https://www.sctc.kr
성남시청,https://www.seongnam.go.kr/main.do
의정부시청,https://www.ui4u.go.kr
안양시청,https://www.anyang.go.kr
부천시청,https://www.bucheon.go.kr
광명시청,https://www.gm.go.kr
평택시청,https://www.pyeongtaek.go.kr
동두천시청,https://www.ddc.go.kr
안산시청,https://www.ansan.go.kr
고양시청,https://www.goyang.go.kr
과천시청,https://www.gccity.go.kr
구리시청,https://www.guri.go.kr
남양주시청,https://www.nyj.go.kr
오산시청,https://www.osan.go.kr/main.do
시흥시청,https://www.siheung.go.kr
군포시청,https://www.gunpo.go.kr
의왕시청,https://www.uiwang.go.kr
하남시청,https://www.hanam.go.kr
용인시청,https://www.yongin.go.kr/index.do
파주시청,https://www.paju.go.kr
이천시청,https://www.icheon.go.kr
안성시청,https://www.anseong.go.kr
김포시청,https://www.gimpo.go.kr
여주시청,https://www.yeoju.go.kr
연천군청,https://www.yeoncheon.go.kr
가평군청,https://www.gp.go.kr
양평군청,https://www.yp21.go.kr
화성시청,https://www.hscity.go.kr
광주시청(경기),https://www.gjcity.go.kr
양주시청,https://www.yangju.go.kr
포천시청,https://www.pocheon.go.kr
경기도의회,https://www.ggc.go.kr/site/main/home
경기콘텐츠진흥원,https://www.gcon.or.kr/
수원시청,https://www.suwon.go.kr
경기도청,https://www.gg.go.kr
홍천군청,https://www.hongcheon.go.kr
태백시청,https://www.taebaek.go.kr
정선군청,https://www.jeongseon.go.kr
화천군 대표 누리집,https://www.ihc.go.kr
양양군청,https://www.yangyang.go.kr
강원특별자치도청,https://state.gwd.go.kr/portal
삼척시청,https://www.samcheok.go.kr
영월군청,https://www.yw.go.kr
평창군청,https://www.pc.go.kr
철원군청,https://www.cwg.go.kr
강원도청,https://www.gwgs.go.kr
춘천시청,https://www.chuncheon.go.kr
강릉시청,https://www.gangneung.go.kr
동해시청,https://www.dh.go.kr
속초시청,https://www.sokcho.go.kr
인제군청,https://www.inje.go.kr
원주시청,https://www.wonju.go.kr
횡성군청,https://www.hsg.go.kr
양구군청,https://www.yanggu.go.kr
청주시청,https://intro.cheongju.go.kr
충주시청,https://www.chungju.go.kr
제천시청,https://www.jecheon.go.kr
보은군청,https://www.boeun.go.kr
옥천군청,https://www.oc.go.kr
영동군청,https://www.yd21.go.kr
진천군청,https://www.jincheon.go.kr
괴산군청,https://www.goesan.go.kr
음성군청,https://www.eumseong.go.kr
단양군청,https://www.danyang.go.kr
증평군청,https://www.jp.go.kr
충청북도청,https://www.chungbuk.go.kr/www/index.do
천안시청,https://www.cheonan.go.kr
공주시청,https://www.gongju.go.kr
보령시청,https://www.brcn.go.kr
아산시청,https://www.asan.go.kr
서산시청,https://www.seosan.go.kr
논산시청,https://www.nonsan.go.kr
금산군청,https://www.geumsan.go.kr
부여군청,https://www.buyeo.go.kr
서천군청,https://www.seocheon.go.kr
청양군청,https://www.cheongyang.go.kr
홍성군청,https://www.hongseong.go.kr
예산군청,https://www.yesan.go.kr
태안군청,https://www.taean.go.kr
계룡시청,https://www.gyeryong.go.kr
당진시청,https://www.dangjin.go.kr
충청남도 누리집,https://www.chungnam.go.kr
충청남도농업기술원,https://cnnongup.chungnam.go.kr/main.cs
충청남도의회,https://council.chungnam.go.kr/
충청남도 보건환경연구원,https://www.chungnam.go.kr/healthenv.do
충청남도산림자원연구소,https://keumkang.chungnam.go.kr
충청남도 건설본부,https://www.chungnam.go.kr/construction.do
충청소방 공주소방서,https://www.cn119.go.kr/gongju/
충청소방 보령소방서,https://www.cn119.go.kr/boryung/
충청소방 아산소방서,https://www.cn119.go.kr/asan/
충청소방 서산소방서,https://www.cn119.go.kr/seosan/
충청소방 논산소방서,https://www.cn119.go.kr/nonsan/
충청소방 홍성소방서,https://www.cn119.go.kr/hongseong/
충청소방 예산소방서,https://www.cn119.go.kr/yesan/
충청소방 당진소방서,https://www.cn119.go.kr/dangjin/
충청소방 부여소방서,https://www.cn119.go.kr/buyeo/
충청남도 축산기술연구소,https://www.chungnam.go.kr/liveStock.do
충청남도 동물위생시험소,https://www.chungnam.go.kr/cnvri.do
충청소방 금산소방서,https://www.cn119.go.kr/geumsan/
충청소방 서천소방서,https://www.cn119.go.kr/seocheon/
충청소방 천안동남소방서,https://www.cn119.go.kr/dongnam/
충청소방 천안서북소방서,https://www.cn119.go.kr/seobuk/
충청소방 태안소방서,https://www.cn119.go.kr/taean/
포항시청,https://www.pohang.go.kr
경주시청,https://www.gyeongju.go.kr
김천시청,https://gc.go.kr
안동시청,https://www.andong.go.kr
구미시청,https://www.gumi.go.kr
영주시청,https://www.yeongju.go.kr
영천시청,https://www.yc.go.kr
상주시청,https://www.sangju.go.kr
문경시청,https://www.gbmg.go.kr/main.do
의성군청,https://www.usc.go.kr
청송군청,https://www.cs.go.kr
영양군청,https://www.yyg.go.kr
영덕군청,https://www.yd.go.kr
청도군청,https://www.cheongdo.go.kr
고령군청,https://www.goryeong.go.kr
칠곡군청,https://www.chilgok.go.kr
예천군청,https://www.ycg.kr
봉화군청,https://www.bonghwa.go.kr
울진군청,https://www.uljin.go.kr
울릉군청,https://www.ulleung.go.kr
경상북도청,https://www.gb.go.kr
경북소방학교,https://gb119.go.kr/gfa/index.jsp
경산시청,https://gbgs.go.kr
성주군청,https://www.sj.go.kr
진주시청,https://www.jinju.go.kr
통영시청,https://www.tongyeong.go.kr
사천시청,https://sacheon.go.kr
김해시청,https://www.gimhae.go.kr
거제시청,https://www.geoje.go.kr
양산시청,https://www.yangsan.go.kr
의령군청,https://www.uiryeong.go.kr
함안군청,https://www.haman.go.kr
창녕군청,https://www.cng.go.kr
고성군청,https://www.goseong.go.kr
남해군청,https://www.namhae.go.kr
하동군청,https://www.hadong.go.kr
산청군청,https://www.sancheong.go.kr
함양군청,https://www.hygn.go.kr
거창군청,https://www.geochang.go.kr
합천군청,https://www.hc.go.kr
창원시청,https://www.changwon.go.kr
경상남도청,https://www.gyeongnam.go.kr
MIRYANG,https://miryang.go.kr
전주시청,https://www.jeonju.go.kr
군산시청,https://www.gunsan.go.kr
익산시청,https://www.iksan.go.kr
정읍시청,https://www.jeongeup.go.kr
남원시청,https://www.namwon.go.kr
김제시청,https://www.gimje.go.kr
완주군청,https://www.wanju.go.kr
JINAN,https://jinan.go.kr
무주군청,https://www.muju.go.kr
장수군청,https://www.jangsu.go.kr
임실군청,https://www.imsil.go.kr
순창군청,https://www.sunchang.go.kr
고창군청,https://www.gochang.go.kr
부안군청,https://www.buan.go.kr
전라북도청,https://www.jeonbuk.go.kr
목포시청,https://www.mokpo.go.kr
여수시청,https://www.yeosu.go.kr
순천시청,https://www.suncheon.go.kr
나주시청,https://www.naju.go.kr
광양시청,https://www.gwangyang.go.kr
담양군청,https://www.damyang.go.kr
구례군청,https://www.gurye.go.kr
보성군청,https://www.boseong.go.kr
화순군청,https://www.hwasun.go.kr
장흥군청,https://www.jangheung.go.kr
강진군청,https://www.gangjin.go.kr
해남군청,https://www.haenam.go.kr
영암군청,https://www.yeongam.go.kr
무안군청,https://www.muan.go.kr
함평군청,https://www.hampyeong.go.kr
영광군청,https://www.yeonggwang.go.kr
장성군청,https://www.jangseong.go.kr
완도군청,https://www.wando.go.kr
진도군청,https://www.jindo.go.kr/intro.jsp
신안군청,https://www.shinan.go.kr
전라남도청,https://www.jeonnam.go.kr
곡성군청,https://www.gokseong.go.kr
고흥군청,https://www.goheung.go.kr
제주특별자치도,https://www.jeju.go.kr
제주시청,https://www.jejusi.go.kr
서귀포시청,https://www.seogwipo.go.kr
서울특별시교육청,https://www.sen.go.kr/sen/index.do
부산광역시교육청,https://www.pen.go.kr
인천광역시교육청,https://www.ice.go.kr
대구광역시교육청,https://www.dge.go.kr/main/main.do
대전광역시교육청,https://www.dje.go.kr
광주광역시교육청,https://www.gen.go.kr
울산교육청,https://use.go.kr/use/index.do
세종특별자치시교육청,https://www.sje.go.kr
경기도교육청,https://www.goe.go.kr
강원특별자치도교육청,https://www.gwe.go.kr
충청북도교육청,https://www.cbe.go.kr
충청남도교육청,https://www.cne.go.kr
경상북도교육청,https://www.gbe.kr
전북특별자치도교육청,https://www.jbe.go.kr/index.jbe
전라남도교육청,https://www.jne.go.kr
제주특별자치도교육청,https://www.jje.go.kr
국회,https://www.assembly.go.kr
대법원,https://www.scourt.go.kr
헌법재판소,https://www.ccourt.go.kr
중앙선거관리위원회,https://www.nec.go.kr
자원봉사포털,https://www.1365.go.kr
개인정보분쟁조정위원회,https://www.kopico.go.kr
개인정보포털,https://www.privacy.go.kr
세움터,https://www.eais.go.kr
자동차365,https://www.car365.go.kr
경제사회노동위원회,https://www.eslc.go.kr
공공데이터포털,https://www.data.go.kr
통합관리시스템,https://www.service.go.kr
공유누리,https://www.eshare.go.kr
공직자통합메일,https://mail.korea.kr
전자민원센터,https://www.emsit.go.kr
국가과학기술자문회의,https://www.pacst.go.kr
국가법령정보센터,https://www.law.go.kr
국립보건연구원,https://www.nih.go.kr
국무총리비서실,https://www.opm.go.kr
국민경제자문회의,https://www.neac.go.kr
국민비서,https://www.ips.go.kr
국민신문고,https://www.epeople.go.kr
국민재난안전포털,https://www.safekorea.go.kr
국민참여입법센터,https://lawmaking.go.kr
규제샌드박스,https://www.sandbox.go.kr
규제정보포털,https://www.better.go.kr
기후정보포털,https://www.climate.go.kr
나라장터,https://www.g2b.go.kr
종합쇼핑몰,https://shop.g2b.go.kr
디지털서비스몰,https://digitalmall.g2b.go.kr
대테러센터,https://www.nctc.go.kr
안내시스템,https://www.juso.go.kr
디지털서비스개방,https://www.openservice.go.kr
디지털원패스,https://www.onepass.go.kr
문서24,https://docu.gdoc.go.kr
전자문서함,https://pubox.gdoc.go.kr
문서유통센터,https://center.gdoc.go.kr
민주평화통일자문회의,https://www.puac.go.kr
장사정보시스템,https://www.15774129.go.kr
복지로,https://www.bokjiro.go.kr
재난관리업무포털,https://ndms.go.kr
소통24,https://www.sotong.go.kr
스마트폰 인증서이동 서비스,https://smart.mobile.go.kr
안전신문고,https://www.safetyreport.go.kr
영상회의시스템,https://vc.on-nara.go.kr
우체국,https://www.epost.go.kr
일사편리,https://www.kras.go.kr
자동차민원대국민포털,https://www.ecar.go.kr
자전거행복나눔,https://bike.go.kr
전자관보시스템,https://gwanbo.go.kr
정보공개포털,https://www.open.go.kr
정부24,https://gov.kr
플러스,https://plus.gov.kr
정부원격근무서비스,https://www.gvpn.go.kr
정부조직관리정보시스템,https://www.org.go.kr
정책브리핑,https://www.korea.kr
지표누리,https://www.index.go.kr
e-나라지표,https://www.index.go.kr/enara/
생활법령정보센터,https://www.easylaw.go.kr
청원24,https://www.cheongwon.go.kr
특허심판원,https://www.kipo.go.kr/ipt/
행정전자서명인증센터(GPKI),https://www.gpki.go.kr
혁신24,https://www.innovation.go.kr
통합인증,https://ptl.anyid.go.kr
e나라표준인증,https://www.standard.go.kr
경제·인문사회연구회,https://www.nrc.re.kr
고용24,https://www.work24.go.kr
공공구매종합정보,https://www.smpp.go.kr
행정전자서명인증센터(EPKI),https://www.epki.go.kr
국가건축정책위원회,https://www.pcap.go.kr
국가과학기술인력개발원,https://www.kird.re.kr
국가생명윤리심의위원회,https://bioethics.go.kr
국민연금공단,https://www.nps.or.kr
국회도서관,https://www.nanet.go.kr
국회예산정책처,https://www.nabo.go.kr
국회입법조사처,https://www.nars.go.kr
기업마당,https://www.bizinfo.go.kr
나이스 대국민서비스,https://www.neis.go.kr/nxuiPortal/index.html
나이스 학생서비스,https://neisplus.kr
나이스 학사관리,https://addup.neisplus.kr
나이스 학부모서비스,https://parents.neis.go.kr
검정고시,https://kged.go.kr/nxui/index.html
나이스 학원서비스,https://hakwon.neis.go.kr/nxui/index.html
나이스 비영리법인,https://nonprofit.neis.go.kr/nxui/index.html
나이스 서비스,https://apply.neis.go.kr/nxui/index.html
나이스 신청시스템,https://oneclick.neis.go.kr/nxui/index.html
나이스 업무지원,https://cowork.neis.go.kr/nxui/index.html
교육설문,https://www.eduro.go.kr/nxui/index.html
행동특성검사,https://mom.eduro.go.kr
교육정보개방포털,https://open.neis.go.kr
교육디지털원패스 포털,https://edupass.neisplus.kr/nxuiPtl/index.html
AI디지털교과서,https://www.aidtbook.kr/index.do
대외경제정책연구원,https://www.kiep.go.kr
모바일신분증,https://www.mobileid.go.kr
한국문화원,https://www.kocis.go.kr
문화포털,https://www.culture.go.kr
범부처통합연구지원시스템(IRIS),https://www.iris.go.kr
보건복지상담센터,https://www.129.go.kr
사회통합정보망,https://www.socinet.go.kr
생활안전정보,https://www.safemap.go.kr
소비자24,https://www.consumer.go.kr
알리오,https://www.alio.go.kr
잡알리오,https://job.alio.go.kr
온나라지식,https://www.onnara.go.kr
온회의,https://meet.onnara.go.kr
온행정지원,https://pas.onnara.go.kr
정책연구관리시스템 PRISM,https://www.prism.go.kr
온통청년,https://www.youthcenter.go.kr
자동차리콜센터,https://car.go.kr
전자정부프레임워크,https://www.egovframe.go.kr
가이드라인,https://www.krds.go.kr
정부민원안내콜센터,https://www.110.go.kr
중앙선거관리위원회 온라인투표시스템,https://www.kvoting.go.kr
청소년활동정보서비스,https://www.youth.go.kr
커리어넷,https://www.career.go.kr
토지이음,https://www.eum.go.kr
특허로,https://www.patent.go.kr
하이파이브,https://www.hifive.go.kr
학교알리미,https://www.schoolinfo.go.kr
행정정보공동이용시스템,https://www.share.go.kr
정보유통맵,https://gils.share.go.kr
형사사법포털,https://www.kics.go.kr
e나라도움,https://www.gosims.go.kr
e보건소,https://www.e-health.go.kr
하이코리아,https://www.hikorea.go.kr
K-GeoP,https://kgeop.go.kr
한국유학종합시스템,https://www.studyinkorea.go.kr
GIS통합상황관리시스템,https://gis.ndms.go.kr
부동산거래관리시스템,https://rtms.molit.go.kr
실거래가공개시스템,https://rt.molit.go.kr
부동산거래전자계약시스템,https://irts.molit.go.kr
한국부동산원,https://www.reb.or.kr
청약홈,https://www.applyhome.co.kr
인터넷등기소,https://www.iros.go.kr
대한민국 법원 등기정보광장,https://data.iros.go.kr
전자소송포털,https://ecfs.scourt.go.kr
전자공탁,https://ekt.scourt.go.kr
전자가족관계등록시스템,https://efamily.scourt.go.kr
재외국민 가족관계등록사무소,https://kfamily.scourt.go.kr
전자후견등기시스템,https://egdrs.scourt.go.kr
사법정보공개포털,https://portal.scourt.go.kr
교통민원24,https://www.efine.go.kr
4대보험정보연계센터,https://www.4insure.or.kr
팩트리온,https://www.factoryon.go.kr
홈택스,https://hometax.go.kr
국가건강정보포탈시스템,https://health.kdca.go.kr
중앙응급의료센터,https://www.e-gen.or.kr
국민건강보험,https://www.nhis.or.kr
국가암정보센터,https://cancer.go.kr
노인장기요양보험,https://www.longtermcare.or.kr
사회보험통합징수포털,https://si4n.nhis.or.kr
요양기관정보마당,https://medicare.nhis.or.kr
국민건강보험 EDI,https://edi.nhis.or.kr
건강보험빅데이터플랫폼,https://nhiss.nhis.or.kr
업무포털시스템(건강관리포털시스템),https://sis.nhis.or.kr
전문도서관,https://lib.nhis.or.kr
공단가족,https://www.nhis.or.kr/nhis/index.do
비급여정보포털,https://www.nhis.or.kr/nbinfo/index.do
한국의료영상품질관리원,https://www.kiami.or.kr
건강보험심사평가원,https://www.hira.or.kr
근로복지공단,https://www.comwel.or.kr/seoulclinic/
근로복지넷,https://welfare.comwel.or.kr
퇴직연금제도,https://pension.comwel.or.kr
인천병원,https://www.comwel.or.kr/incheon/
안산병원,https://www.comwel.or.kr/ansan/
창원병원,https://www.comwel.or.kr/changwon/
대구병원,https://www.comwel.or.kr/daegu/
순천병원,https://www.comwel.or.kr/suncheon/
대전병원,https://www.comwel.or.kr/daejeon/
태백병원,https://www.comwel.or.kr/taebaek/
동해병원,https://www.comwel.or.kr/donghae/
정선병원,https://www.comwel.or.kr/jeongseon/
경기요양병원,https://www.comwel.or.kr/gyeonggi/
태백요양병원,https://www.comwel.or.kr/taebaekyoyang/
서울의원,https://www.comwel.or.kr/seoulclinic/
광주의원,https://www.comwel.or.kr/gwangjuclinic/
부산의원,https://www.comwel.or.kr/busanclinic/
구미의원,https://www.comwel.or.kr/gumiclinic/
경기케어센터,https://www.comwel.or.kr/care-gyeonggi/
태백케어센터,https://www.comwel.or.kr/taebaek/
고용산재보험토탈서비스,https://total.comwel.or.kr
농업e지,https://www.nongupez.go.kr
통합포털,https://foco.go.kr
공직자윤리정보,https://www.peti.go.kr
위택스,https://wetax.go.kr
서울시ETAX,https://etax.seoul.go.kr/index.html
